gen,tech,area,lat,lng,capacity,cost_spur_usd_per_km_mw,cost_poi_usd_per_mw,cost_reinforcement_usd_per_mw,system_capacity,capacity_factor
solar_9164,solar,1.0,34.6972619565,-115.91018336026316,1370.69,4582.887685702328,15000.0,228099.69,540.0,20.80076673898595
solar_4974,solar,1.0,33.90635758151053,-114.39158210489474,725.49,5015.97306034038,15000.0,151662.47,540.0,20.566563256377396
solar_1180,solar,1.0,33.609768440889475,-113.9774181261579,119.51,10881.386489607035,35000.0,415575.4,540.0,20.66093307534744
solar_8772,solar,1.0,34.59839890962632,-115.21991006236844,1262.43,4698.472227915261,15000.0,285082.16,540.0,20.827260532201606
solar_1938,solar,1.0,33.70863148776316,-115.91018336026316,413.56,5589.921430933224,35000.0,136194.78,540.0,21.006451738438415
solar_8406,solar,1.0,34.59839890962632,-115.63407404110526,381.67,13701.886610865902,35000.0,307217.75,540.0,20.52282248996236
solar_2696,solar,1.0,33.70863148776316,-114.5296367644737,975.34,5842.262500000001,15000.0,326046.84,540.0,20.23556579392014
solar_8402,solar,1.0,34.59839890962632,-116.18629267942106,800.57,5348.813514564577,35000.0,309062.75,540.0,20.779362880359272
solar_7637,solar,1.0,34.40067281587895,-116.0482380198421,115.64,8637.77394621809,15000.0,329703.16,540.0,20.97164538263398
solar_6877,solar,1.0,34.20294672213158,-114.39158210489474,243.36,14732.03952695499,35000.0,248843.27,540.0,20.323107440582152
wind_8770,wind,1.0,33.412042347142105,-113.9774181261579,276.0,4952.446145236453,35000.0,139822.95,3370.0,40.85052500898017
wind_3841,wind,1.0,32.91772711277368,-114.94380074321052,66.0,13922.127475281784,35000.0,317563.62,3370.0,32.903536507098664
wind_8026,wind,1.0,33.31317930026842,-113.701308807,126.0,13701.886610865902,35000.0,307217.75,3370.0,33.18933618191138
wind_3840,wind,1.0,32.91772711277368,-115.08185540278949,78.0,13494.356293888508,35000.0,257014.03,3370.0,29.86654403472681
wind_8775,wind,1.0,33.51090539401579,-116.0482380198421,108.0,5543.147302292982,15000.0,240732.22,3370.0,31.262503103984557
wind_9546,wind,1.0,33.609768440889475,-116.18629267942106,258.0,6730.409007429606,35000.0,228112.95,3370.0,31.322704717256308
wind_9926,wind,1.0,33.609768440889475,-115.7721287006842,288.0,5342.027528675423,35000.0,177124.89,3370.0,29.121414121724055
wind_5738,wind,1.0,33.01659015964737,-114.80574608363158,144.0,6033.371193415638,35000.0,185248.53,3370.0,45.67545565294453
wind_8011,wind,1.0,33.31317930026842,-115.63407404110526,228.0,5979.508496701373,15000.0,124354.65,3370.0,17.733234099813693
wind_6124,wind,1.0,33.11545320652105,-116.324347339,60.0,13854.580762104344,35000.0,376899.84,3370.0,52.26981609860366
solar_12188,solar,2.0,36.07376059869655,-114.48490435742858,1034.83,6176.704732336498,35000.0,345709.78,540.0,19.649696670386444
solar_6866,solar,2.0,35.773670081975865,-113.082849386,1975.87,3303.7093581362155,15000.0,163287.61,540.0,20.3644778352278
solar_12977,solar,2.0,36.202370820148275,-114.923046536,422.82,4648.62371364967,35000.0,365625.44,540.0,19.98129969611502
solar_11821,solar,2.0,36.07376059869655,-115.36118871457144,1895.69,4568.217359904856,35000.0,267489.94,540.0,20.33245961018209
solar_12954,solar,2.0,36.159500746331034,-114.13439061457144,216.79,9295.096465069715,35000.0,467371.66,540.0,19.79746766913336
solar_12568,solar,2.0,36.11663067251379,-114.74778966457144,907.88,7771.421293493865,35000.0,404530.84,540.0,19.391389919897858
solar_10302,solar,2.0,35.94515037724483,-113.95913374314286,774.09,5257.520563974944,35000.0,88726.28,540.0,20.206921077184717
solar_6870,solar,2.0,35.816540155793106,-115.27356027885716,511.49,4340.889018140537,15000.0,191078.33,540.0,20.3885561933549
solar_14502,solar,2.0,36.3309810416,-114.923046536,1274.09,3317.1199651070892,35000.0,392252.53,540.0,19.972700974607537
solar_13734,solar,2.0,36.28811096778276,-115.01067497171428,1435.71,4670.662091503268,35000.0,275067.38,540.0,20.022836093802365
wind_13355,wind,2.0,35.602189786706894,-114.66016122885716,258.0,4238.3168759567225,35000.0,318633.25,3370.0,46.71920613088312
wind_13347,wind,2.0,35.602189786706894,-115.36118871457144,240.0,4934.397613384755,35000.0,271069.88,3370.0,31.74171522120349
wind_13723,wind,2.0,35.602189786706894,-113.34573469314286,282.0,4586.018234119997,35000.0,342503.72,3370.0,46.93785294623239
wind_14115,wind,2.0,35.645059860524135,-113.60862000028573,102.0,5301.523045267489,35000.0,319696.4,3370.0,44.604152879739
wind_13719,wind,2.0,35.602189786706894,-113.696248436,270.0,5210.298750561249,15000.0,369154.3,3370.0,49.6009464184887
wind_6864,wind,2.0,35.173489048534485,-114.309647486,252.0,4487.393906682622,35000.0,454195.8,3370.0,39.248624139220354
wind_12200,wind,2.0,35.47357956525517,-115.44881715028572,282.0,3513.425303677313,35000.0,368521.7,3370.0,35.868914710440556
wind_9542,wind,2.0,35.25922919616897,-113.43336312885717,228.0,3636.3574772151674,15000.0,206109.4,3370.0,40.26782429171251
wind_8004,wind,2.0,35.216359122351726,-115.01067497171428,222.0,3906.8795749374895,15000.0,347759.25,3370.0,57.02361614208024
wind_6862,wind,2.0,35.173489048534485,-114.48490435742858,42.0,5022.801101628039,35000.0,362114.1,3370.0,49.37766374099247
solar_9554,solar,3.0,36.09263361175185,-118.73731821751852,2675.24,4826.783703703703,35000.0,439531.4,540.0,19.246807189138497
solar_8801,solar,3.0,36.00605239491482,-118.0330194901111,1920.94,3150.371663040237,15000.0,166064.89,540.0,21.38626932296118
solar_11837,solar,3.0,36.35237726226296,-118.5260285992963,3199.82,3555.5323979640634,35000.0,657265.94,540.0,21.280843517492393
solar_11083,solar,3.0,36.26579604542593,-118.1738792355926,562.63,4334.185178850601,15000.0,407670.75,540.0,21.704051587967797
solar_3865,solar,3.0,35.399983877055554,-117.89215974462962,555.68,8326.904253604604,15000.0,748010.2,540.0,20.956046218629005
solar_12223,solar,3.0,36.35237726226296,-117.3287207627037,616.44,4162.50411039619,15000.0,431066.34,540.0,19.899699049838656
solar_3481,solar,3.0,35.31340266021852,-117.54001038092592,235.46,9015.091456745968,15000.0,1450488.9,540.0,20.98557988500825
solar_5002,solar,3.0,35.57314631072963,-117.75129999914816,321.51,14019.768686868689,15000.0,610527.6,540.0,20.805657171461945
solar_12591,solar,3.0,36.35237726226296,-117.11743114448149,1283.28,5059.439440354808,35000.0,243376.78,540.0,20.986785155739607
solar_8422,solar,3.0,36.00605239491482,-118.878177963,1534.09,4738.016111105843,15000.0,147581.83,540.0,18.4643785313685
wind_10314,wind,3.0,34.96707779287037,-118.38516885381482,246.0,3910.4721550060904,15000.0,469507.75,3370.0,41.28737036872091
wind_11451,wind,3.0,35.05365900970741,-117.39915063544444,216.0,5037.468664619892,35000.0,286184.66,3370.0,31.922420034212657
wind_11080,wind,3.0,35.05365900970741,-117.82172987188888,240.0,3140.1317006028785,15000.0,473568.0,3370.0,29.83449048851381
wind_5759,wind,3.0,34.534171708685186,-118.5260285992963,246.0,4889.942746873255,15000.0,579130.6,3370.0,27.70681974270578
wind_3867,wind,3.0,34.18784684133704,-116.976571399,66.0,10357.10906815908,15000.0,550612.56,3370.0,22.15517101019571
wind_4625,wind,3.0,34.361009275011114,-118.24430910833333,186.0,5539.314954486427,35000.0,411351.8,3370.0,40.587012468578514
wind_11462,wind,3.0,35.14024022654445,-118.59645847203704,72.0,4246.732688971792,15000.0,421182.88,3370.0,30.90716157998361
wind_4614,wind,3.0,34.274428058174074,-117.04700127174074,228.0,9597.691972840154,15000.0,542013.2,3370.0,45.46469677479659
wind_12222,wind,3.0,35.22682144338148,-118.80774809025924,180.0,4639.573607492375,15000.0,448000.2,3370.0,7.294763642570183
wind_5762,wind,3.0,34.534171708685186,-118.31473898107409,204.0,11720.692783303672,15000.0,378539.16,3370.0,38.767218884089594
