t,plant_id,wind_cf
1,101213,0.0
1,105903,0.0
1,132274,0.545
1,132853,0.155
1,132854,0.0302
1,136900,0.4424
1,136901,0.7715
1,137447,0.328
1,138033,0.5894
1,138046,0.872
1,138047,0.872
1,138048,0.7036
1,138049,0.872
1,138053,0.4146
1,138624,0.556
1,138625,0.827
1,138626,0.872
1,138631,0.376
1,138633,0.4956
1,139185,0.3728
1,139195,0.872
1,139196,0.8135
1,139197,0.436
1,139761,0.692
1,139762,0.829
1,139763,0.838
1,139775,0.671
1,139778,0.8677
1,140343,0.8687
1,140913,0.872
1,152308,0.714
1,60982,0.1573
1,60983,0.2012
1,60984,0.418
1,61547,0.717
1,62116,0.2695
1,62117,0.453
1,62118,0.6313
1,62665,0.4824
1,62666,0.5737
1,62667,0.2183
1,62668,0.2216
1,63217,0.2214
1,63220,0.06335
1,63780,0.02403
1,64356,0.1761
1,64357,0.03293
1,66740,0.3604
1,67334,0.1063
1,68456,0.066
1,68495,0.251
1,68496,0.2988
1,70867,0.1263
1,71466,0.09033
1,71474,0.267
1,75099,0.1735
1,75713,0.1046
1,76298,0.04047
1,76904,0.00379
1,76905,0.2622
1,77526,0.1482
1,78162,0.0638
1,78797,0.027
1,79432,0.04495
1,80070,0.00451
1,80654,0.0767
1,80699,0.01154
1,80700,0.0
1,81335,0.02223
1,81336,0.0
1,81967,0.1022
1,81968,0.05804
1,81969,0.0
1,81970,0.1559
1,82571,0.1432
1,82575,0.00161
1,83752,0.04626
1,84343,0.00298
1,86793,0.0
1,93008,0.2379
1,93009,0.10126
1,93010,0.03384
1,93035,0.00442
1,93592,0.872
1,93595,0.1791
1,93596,0.05798
1,93597,0.00744
1,94165,0.8584
1,94167,0.10376
1,94168,0.03555
1,94169,0.0019
1,94755,0.05176
1,94756,0.01302
1,94757,0.0
1,95339,0.0383
1,95340,0.00932
1,95341,0.0
1,96501,0.2666
1,98821,0.1305
1,99419,0.0141
2,101213,0.0
2,105903,0.0
2,132274,0.533
2,132853,0.1403
2,132854,0.02275
2,136900,0.4644
2,136901,0.762
2,137447,0.715
2,138033,0.7334
2,138046,0.872
2,138047,0.8022
2,138048,0.4502
2,138049,0.737
2,138053,0.3608
2,138624,0.523
2,138625,0.7197
2,138626,0.8647
2,138631,0.337
2,138633,0.4148
2,139185,0.5205
2,139195,0.872
2,139196,0.7837
2,139197,0.3289
2,139761,0.7554
2,139762,0.825
2,139763,0.835
2,139775,0.656
2,139778,0.867
2,140343,0.868
2,140913,0.872
2,152308,0.7295
2,60982,0.1832
2,60983,0.2825
2,60984,0.4907
2,61547,0.8105
2,62116,0.321
2,62117,0.559
2,62118,0.6626
2,62665,0.6274
2,62666,0.582
2,62667,0.2463
2,62668,0.29
2,63217,0.2485
2,63220,0.1279
2,63780,0.05026
2,64356,0.252
2,64357,0.0335
2,66740,0.385
2,67334,0.134
2,68456,0.174
2,68495,0.2937
2,68496,0.3486
2,70867,0.1537
2,71466,0.1142
2,71474,0.2598
2,75099,0.2266
2,75713,0.1337
2,76298,0.01668
2,76904,0.01865
2,76905,0.1798
2,77526,0.1109
2,78162,0.05936
2,78797,0.01721
2,79432,0.01096
2,80070,0.00604
2,80654,0.02344
2,80699,0.01923
2,80700,0.0
2,81335,0.01224
2,81336,0.00041
2,81967,0.1064
2,81968,0.05884
2,81969,0.0
2,81970,0.1422
2,82571,0.1504
2,82575,1e-05
2,83752,0.02414
2,84343,0.0
2,86793,0.0
2,93008,0.2988
2,93009,0.1185
2,93010,0.0386
2,93035,0.00636
2,93592,0.872
2,93595,0.2605
2,93596,0.0668
2,93597,0.02534
2,94165,0.8716
2,94167,0.188
2,94168,0.0731
2,94169,0.0271
2,94755,0.1323
2,94756,0.0795
2,94757,0.059
2,95339,0.08276
2,95340,0.06226
2,95341,0.0563
2,96501,0.267
2,98821,0.11816
2,99419,0.0066
3,101213,0.0
3,105903,0.0
3,132274,0.5225
3,132853,0.1289
3,132854,0.0147
3,136900,0.4778
3,136901,0.8022
3,137447,0.872
3,138033,0.8237
3,138046,0.872
3,138047,0.8467
3,138048,0.5527
3,138049,0.771
3,138053,0.3293
3,138624,0.4973
3,138625,0.6294
3,138626,0.872
3,138631,0.24
3,138633,0.4404
3,139185,0.639
3,139195,0.87
3,139196,0.7856
3,139197,0.3992
3,139761,0.7183
3,139762,0.8315
3,139763,0.8125
3,139775,0.6113
3,139778,0.8677
3,140343,0.8687
3,140913,0.872
3,152308,0.7134
3,60982,0.156
3,60983,0.3083
3,60984,0.506
3,61547,0.825
3,62116,0.3638
3,62117,0.8384
3,62118,0.836
3,62665,0.863
3,62666,0.6504
3,62667,0.3079
3,62668,0.37
3,63217,0.3567
3,63220,0.291
3,63780,0.1328
3,64356,0.3005
3,64357,0.03296
3,66740,0.5386
3,67334,0.1761
3,68456,0.3845
3,68495,0.3196
3,68496,0.3655
3,70867,0.1635
3,71466,0.1257
3,71474,0.2793
3,75099,0.2054
3,75713,0.1195
3,76298,0.04367
3,76904,0.02887
3,76905,0.1354
3,77526,0.117
3,78162,0.03293
3,78797,0.02516
3,79432,0.00448
3,80070,0.02635
3,80654,0.03314
3,80699,0.01313
3,80700,0.02199
3,81335,0.02998
3,81336,0.01426
3,81967,0.1582
3,81968,0.0851
3,81969,0.0
3,81970,0.12274
3,82571,0.1652
3,82575,0.00178
3,83752,0.01117
3,84343,0.0
3,86793,0.0193
3,93008,0.2927
3,93009,0.1019
3,93010,0.05246
3,93035,0.01358
3,93592,0.872
3,93595,0.2656
3,93596,0.1045
3,93597,0.07513
3,94165,0.872
3,94167,0.205
3,94168,0.11926
3,94169,0.0757
3,94755,0.1476
3,94756,0.0953
3,94757,0.044
3,95339,0.08356
3,95340,0.04962
3,95341,0.0418
3,96501,0.2158
3,98821,0.1231
3,99419,0.00183
4,101213,0.0
4,105903,0.0
4,132274,0.532
4,132853,0.1351
4,132854,0.01343
4,136900,0.472
4,136901,0.814
4,137447,0.872
4,138033,0.837
4,138046,0.872
4,138047,0.85
4,138048,0.5312
4,138049,0.686
4,138053,0.3154
4,138624,0.5103
4,138625,0.604
4,138626,0.8667
4,138631,0.226
4,138633,0.43
4,139185,0.7617
4,139195,0.871
4,139196,0.7847
4,139197,0.3892
4,139761,0.6855
4,139762,0.8267
4,139763,0.8237
4,139775,0.612
4,139778,0.8643
4,140343,0.8623
4,140913,0.872
4,152308,0.7646
4,60982,0.1887
4,60983,0.2286
4,60984,0.5146
4,61547,0.8545
4,62116,0.35
4,62117,0.845
4,62118,0.845
4,62665,0.8643
4,62666,0.67
4,62667,0.2915
4,62668,0.458
4,63217,0.414
4,63220,0.4094
4,63780,0.165
4,64356,0.3577
4,64357,0.04037
4,66740,0.588
4,67334,0.2117
4,68456,0.4045
4,68495,0.354
4,68496,0.3958
4,70867,0.1868
4,71466,0.1434
4,71474,0.3342
4,75099,0.1794
4,75713,0.1127
4,76298,0.02988
4,76904,0.0335
4,76905,0.1361
4,77526,0.145
4,78162,0.00256
4,78797,0.03323
4,79432,0.00676
4,80070,0.0648
4,80654,0.0623
4,80699,0.05768
4,80700,0.02219
4,81335,0.07776
4,81336,0.0292
4,81967,0.2155
4,81968,0.1349
4,81969,0.02533
4,81970,0.0912
4,82571,0.1393
4,82575,0.00486
4,83752,0.00039
4,84343,0.0
4,86793,0.04346
4,93008,0.3152
4,93009,0.10815
4,93010,0.04288
4,93035,0.01886
4,93592,0.872
4,93595,0.2362
4,93596,0.0947
4,93597,0.07495
4,94165,0.872
4,94167,0.177
4,94168,0.118
4,94169,0.07184
4,94755,0.1521
4,94756,0.08154
4,94757,0.028
4,95339,0.0779
4,95340,0.03687
4,95341,0.0266
4,96501,0.2974
4,98821,0.1174
4,99419,0.00126
5,101213,0.0
5,105903,0.0
5,132274,0.547
5,132853,0.1461
5,132854,0.01768
5,136900,0.439
5,136901,0.7915
5,137447,0.872
5,138033,0.871
5,138046,0.872
5,138047,0.8457
5,138048,0.5137
5,138049,0.592
5,138053,0.3557
5,138624,0.511
5,138625,0.594
5,138626,0.868
5,138631,0.18
5,138633,0.4136
5,139185,0.8447
5,139195,0.872
5,139196,0.778
5,139197,0.341
5,139761,0.715
5,139762,0.829
5,139763,0.8237
5,139775,0.6016
5,139778,0.809
5,140343,0.8555
5,140913,0.872
5,152308,0.656
5,60982,0.2065
5,60983,0.2052
5,60984,0.5386
5,61547,0.8545
5,62116,0.3372
5,62117,0.844
5,62118,0.8364
5,62665,0.862
5,62666,0.6543
5,62667,0.2715
5,62668,0.3638
5,63217,0.4006
5,63220,0.4773
5,63780,0.2039
5,64356,0.3787
5,64357,0.03714
5,66740,0.833
5,67334,0.2399
5,68456,0.398
5,68495,0.3955
5,68496,0.42
5,70867,0.2046
5,71466,0.1334
5,71474,0.2961
5,75099,0.1387
5,75713,0.0958
5,76298,0.0483
5,76904,0.06113
5,76905,0.158
5,77526,0.2029
5,78162,0.00564
5,78797,0.05136
5,79432,0.01625
5,80070,0.0959
5,80654,0.07465
5,80699,0.0903
5,80700,0.04843
5,81335,0.1345
5,81336,0.03427
5,81967,0.2673
5,81968,0.1855
5,81969,0.0374
5,81970,0.08875
5,82571,0.1295
5,82575,0.00718
5,83752,0.00128
5,84343,0.00526
5,86793,0.05936
5,93008,0.3186
5,93009,0.0907
5,93010,0.03317
5,93035,0.00779
5,93592,0.872
5,93595,0.2087
5,93596,0.0663
5,93597,0.04742
5,94165,0.872
5,94167,0.1301
5,94168,0.0816
5,94169,0.0462
5,94755,0.1289
5,94756,0.0788
5,94757,0.034
5,95339,0.0881
5,95340,0.04663
5,95341,0.0323
5,96501,0.3208
5,98821,0.1189
5,99419,0.00126
6,101213,0.0
6,105903,0.0
6,132274,0.57
6,132853,0.1603
6,132854,0.01324
6,136900,0.4783
6,136901,0.8135
6,137447,0.872
6,138033,0.872
6,138046,0.872
6,138047,0.8447
6,138048,0.544
6,138049,0.635
6,138053,0.376
6,138624,0.5083
6,138625,0.5127
6,138626,0.847
6,138631,0.124
6,138633,0.4707
6,139185,0.8457
6,139195,0.872
6,139196,0.775
6,139197,0.3542
6,139761,0.744
6,139762,0.831
6,139763,0.8228
6,139775,0.5947
6,139778,0.863
6,140343,0.866
6,140913,0.872
6,152308,0.667
6,60982,0.302
6,60983,0.2026
6,60984,0.612
6,61547,0.848
6,62116,0.3018
6,62117,0.8384
6,62118,0.844
6,62665,0.8613
6,62666,0.6772
6,62667,0.2954
6,62668,0.371
6,63217,0.496
6,63220,0.5815
6,63780,0.2258
6,64356,0.5327
6,64357,0.0495
6,66740,0.872
6,67334,0.2433
6,68456,0.3003
6,68495,0.4453
6,68496,0.4463
6,70867,0.25
6,71466,0.1434
6,71474,0.3145
6,75099,0.1293
6,75713,0.0959
6,76298,0.0674
6,76904,0.10443
6,76905,0.181
6,77526,0.2595
6,78162,0.02356
6,78797,0.07465
6,79432,0.03284
6,80070,0.1366
6,80654,0.2054
6,80699,0.117
6,80700,0.0573
6,81335,0.1615
6,81336,0.02911
6,81967,0.2998
6,81968,0.2131
6,81969,0.0372
6,81970,0.09424
6,82571,0.10925
6,82575,0.00936
6,83752,0.0
6,84343,0.0
6,86793,0.04916
6,93008,0.4846
6,93009,0.1849
6,93010,0.0708
6,93035,0.0
6,93592,0.872
6,93595,0.2979
6,93596,0.08887
6,93597,0.0712
6,94165,0.872
6,94167,0.1846
6,94168,0.121
6,94169,0.0768
6,94755,0.1738
6,94756,0.1442
6,94757,0.099
6,95339,0.1388
6,95340,0.0977
6,95341,0.09406
6,96501,0.303
6,98821,0.1064
6,99419,0.00488
7,101213,0.0
7,105903,0.0
7,132274,0.583
7,132853,0.1616
7,132854,0.01492
7,136900,0.5186
7,136901,0.84
7,137447,0.872
7,138033,0.872
7,138046,0.872
7,138047,0.85
7,138048,0.5728
7,138049,0.668
7,138053,0.4692
7,138624,0.527
7,138625,0.54
7,138626,0.8506
7,138631,0.128
7,138633,0.706
7,139185,0.8467
7,139195,0.872
7,139196,0.7856
7,139197,0.3699
7,139761,0.7627
7,139762,0.832
7,139763,0.838
7,139775,0.592
7,139778,0.8643
7,140343,0.8657
7,140913,0.872
7,152308,0.563
7,60982,0.426
7,60983,0.3074
7,60984,0.785
7,61547,0.8335
7,62116,0.2463
7,62117,0.806
7,62118,0.8545
7,62665,0.845
7,62666,0.709
7,62667,0.3276
7,62668,0.3757
7,63217,0.6465
7,63220,0.506
7,63780,0.1261
7,64356,0.64
7,64357,0.1267
7,66740,0.872
7,67334,0.2456
7,68456,0.2133
7,68495,0.524
7,68496,0.4639
7,70867,0.2566
7,71466,0.1614
7,71474,0.3694
7,75099,0.1437
7,75713,0.10657
7,76298,0.1342
7,76904,0.2153
7,76905,0.266
7,77526,0.4026
7,78162,0.03062
7,78797,0.0788
7,79432,0.04474
7,80070,0.1671
7,80654,0.3162
7,80699,0.1451
7,80700,0.0558
7,81335,0.2393
7,81336,0.029
7,81967,0.4556
7,81968,0.3464
7,81969,0.03357
7,81970,0.1378
7,82571,0.1285
7,82575,0.00761
7,83752,0.00114
7,84343,0.00471
7,86793,0.03525
7,93008,0.8647
7,93009,0.634
7,93010,0.2688
7,93035,0.0
7,93592,0.872
7,93595,0.7485
7,93596,0.2695
7,93597,0.142
7,94165,0.872
7,94167,0.5664
7,94168,0.266
7,94169,0.1497
7,94755,0.363
7,94756,0.2856
7,94757,0.255
7,95339,0.2035
7,95340,0.1953
7,95341,0.2477
7,96501,0.2233
7,98821,0.1079
7,99419,0.00746
8,101213,0.0
8,105903,0.0
8,132274,0.583
8,132853,0.1693
8,132854,0.02289
8,136900,0.5376
8,136901,0.843
8,137447,0.872
8,138033,0.8716
8,138046,0.872
8,138047,0.872
8,138048,0.6934
8,138049,0.765
8,138053,0.4646
8,138624,0.519
8,138625,0.608
8,138626,0.8677
8,138631,0.116
8,138633,0.5938
8,139185,0.846
8,139195,0.856
8,139196,0.771
8,139197,0.3005
8,139761,0.692
8,139762,0.8306
8,139763,0.8223
8,139775,0.6226
8,139778,0.8657
8,140343,0.8667
8,140913,0.872
8,152308,0.6567
8,60982,0.4502
8,60983,0.4949
8,60984,0.8433
8,61547,0.863
8,62116,0.2742
8,62117,0.8145
8,62118,0.8438
8,62665,0.8687
8,62666,0.7485
8,62667,0.377
8,62668,0.3376
8,63217,0.754
8,63220,0.37
8,63780,0.0756
8,64356,0.5117
8,64357,0.2415
8,66740,0.872
8,67334,0.303
8,68456,0.2932
8,68495,0.59
8,68496,0.51
8,70867,0.2722
8,71466,0.185
8,71474,0.3962
8,75099,0.175
8,75713,0.1289
8,76298,0.3599
8,76904,0.4456
8,76905,0.457
8,77526,0.653
8,78162,0.05615
8,78797,0.1539
8,79432,0.1315
8,80070,0.275
8,80654,0.299
8,80699,0.311
8,80700,0.139
8,81335,0.4763
8,81336,0.0977
8,81967,0.5986
8,81968,0.4905
8,81969,0.1378
8,81970,0.1547
8,82571,0.1361
8,82575,0.00926
8,83752,0.00228
8,84343,0.00942
8,86793,0.0172
8,93008,0.872
8,93009,0.871
8,93010,0.8135
8,93035,0.00186
8,93592,0.872
8,93595,0.872
8,93596,0.795
8,93597,0.4255
8,94165,0.872
8,94167,0.8643
8,94168,0.6123
8,94169,0.3367
8,94755,0.6704
8,94756,0.3315
8,94757,0.178
8,95339,0.264
8,95340,0.1652
8,95341,0.1741
8,96501,0.1335
8,98821,0.09174
8,99419,0.00297
9,101213,0.00212
9,105903,0.0
9,132274,0.6226
9,132853,0.2139
9,132854,0.02164
9,136900,0.5356
9,136901,0.807
9,137447,0.872
9,138033,0.834
9,138046,0.872
9,138047,0.853
9,138048,0.5483
9,138049,0.476
9,138053,0.554
9,138624,0.5166
9,138625,0.529
9,138626,0.7617
9,138631,0.031
9,138633,0.6094
9,139185,0.794
9,139195,0.6333
9,139196,0.755
9,139197,0.2499
9,139761,0.2334
9,139762,0.8535
9,139763,0.785
9,139775,0.606
9,139778,0.82
9,140343,0.855
9,140913,0.872
9,152308,0.6626
9,60982,0.6006
9,60983,0.621
9,60984,0.7993
9,61547,0.8696
9,62116,0.5947
9,62117,0.868
9,62118,0.8477
9,62665,0.869
9,62666,0.7764
9,62667,0.421
9,62668,0.3464
9,63217,0.7983
9,63220,0.3555
9,63780,0.11597
9,64356,0.4214
9,64357,0.1802
9,66740,0.872
9,67334,0.3586
9,68456,0.3093
9,68495,0.5576
9,68496,0.4866
9,70867,0.224
9,71466,0.1677
9,71474,0.4114
9,75099,0.179
9,75713,0.10767
9,76298,0.4338
9,76904,0.542
9,76905,0.4456
9,77526,0.6855
9,78162,0.0816
9,78797,0.1781
9,79432,0.1453
9,80070,0.3198
9,80654,0.3364
9,80699,0.3394
9,80700,0.176
9,81335,0.469
9,81336,0.0804
9,81967,0.5938
9,81968,0.512
9,81969,0.10004
9,81970,0.1772
9,82571,0.1521
9,82575,0.00811
9,83752,0.0081
9,84343,0.00915
9,86793,0.0085
9,93008,0.813
9,93009,0.693
9,93010,0.5415
9,93035,0.0012
9,93592,0.872
9,93595,0.7866
9,93596,0.4333
9,93597,0.2465
9,94165,0.835
9,94167,0.7637
9,94168,0.3975
9,94169,0.2008
9,94755,0.5757
9,94756,0.3103
9,94757,0.192
9,95339,0.2788
9,95340,0.1836
9,95341,0.1866
9,96501,0.1211
9,98821,0.06683
9,99419,0.0
10,101213,0.00225
10,105903,0.0
10,132274,0.6543
10,132853,0.2327
10,132854,0.0133
10,136900,0.4307
10,136901,0.7153
10,137447,0.872
10,138033,0.7505
10,138046,0.872
10,138047,0.8013
10,138048,0.435
10,138049,0.55
10,138053,0.4385
10,138624,0.4575
10,138625,0.3154
10,138626,0.4502
10,138631,0.0
10,138633,0.389
10,139185,0.7407
10,139195,0.607
10,139196,0.7197
10,139197,0.2333
10,139761,0.485
10,139762,0.8657
10,139763,0.7656
10,139775,0.57
10,139778,0.5654
10,140343,0.7373
10,140913,0.872
10,152308,0.798
10,60982,0.6187
10,60983,0.4556
10,60984,0.675
10,61547,0.8677
10,62116,0.698
10,62117,0.872
10,62118,0.8706
10,62665,0.861
10,62666,0.862
10,62667,0.5737
10,62668,0.4185
10,63217,0.7935
10,63220,0.3325
10,63780,0.1188
10,64356,0.4666
10,64357,0.1368
10,66740,0.872
10,67334,0.3972
10,68456,0.3203
10,68495,0.525
10,68496,0.3916
10,70867,0.1482
10,71466,0.1365
10,71474,0.4082
10,75099,0.1469
10,75713,0.0864
10,76298,0.302
10,76904,0.3738
10,76905,0.246
10,77526,0.519
10,78162,0.06012
10,78797,0.1534
10,79432,0.0511
10,80070,0.2147
10,80654,0.2281
10,80699,0.14
10,80700,0.1056
10,81335,0.2764
10,81336,0.03812
10,81967,0.4336
10,81968,0.4175
10,81969,0.06247
10,81970,0.1815
10,82571,0.1317
10,82575,0.00176
10,83752,0.00034
10,84343,0.00139
10,86793,0.0
10,93008,0.3975
10,93009,0.2129
10,93010,0.08453
10,93035,0.0
10,93592,0.872
10,93595,0.4644
10,93596,0.2098
10,93597,0.03967
10,94165,0.658
10,94167,0.4536
10,94168,0.2006
10,94169,0.02956
10,94755,0.258
10,94756,0.134
10,94757,0.069
10,95339,0.06134
10,95340,0.0487
10,95341,0.06696
10,96501,0.1208
10,98821,0.0467
10,99419,0.0
11,101213,0.00522
11,105903,0.0
11,132274,0.6646
11,132853,0.2264
11,132854,0.00414
11,136900,0.4387
11,136901,0.8115
11,137447,0.872
11,138033,0.659
11,138046,0.872
11,138047,0.833
11,138048,0.533
11,138049,0.708
11,138053,0.377
11,138624,0.4805
11,138625,0.3997
11,138626,0.685
11,138631,0.061
11,138633,0.3354
11,139185,0.6797
11,139195,0.7407
11,139196,0.777
11,139197,0.3633
11,139761,0.7627
11,139762,0.871
11,139763,0.8027
11,139775,0.5254
11,139778,0.5303
11,140343,0.718
11,140913,0.872
11,152308,0.8335
11,60982,0.7344
11,60983,0.3728
11,60984,0.6255
11,61547,0.8096
11,62116,0.6265
11,62117,0.872
11,62118,0.872
11,62665,0.861
11,62666,0.8506
11,62667,0.6196
11,62668,0.4783
11,63217,0.774
11,63220,0.2998
11,63780,0.0726
11,64356,0.597
11,64357,0.1512
11,66740,0.872
11,67334,0.3843
11,68456,0.2363
11,68495,0.5283
11,68496,0.3713
11,70867,0.1274
11,71466,0.1144
11,71474,0.4036
11,75099,0.1106
11,75713,0.08795
11,76298,0.1469
11,76904,0.2074
11,76905,0.13
11,77526,0.251
11,78162,0.01296
11,78797,0.0896
11,79432,0.00762
11,80070,0.0934
11,80654,0.4507
11,80699,0.08136
11,80700,0.04028
11,81335,0.1305
11,81336,0.009
11,81967,0.304
11,81968,0.2964
11,81969,0.02675
11,81970,0.1381
11,82571,0.09686
11,82575,0.00347
11,83752,0.0
11,84343,0.0
11,86793,0.0
11,93008,0.1447
11,93009,0.08673
11,93010,0.04498
11,93035,0.0
11,93592,0.688
11,93595,0.1263
11,93596,0.0434
11,93597,0.00124
11,94165,0.504
11,94167,0.10156
11,94168,0.02856
11,94169,0.0
11,94755,0.05463
11,94756,0.01631
11,94757,0.0
11,95339,0.01514
11,95340,0.0019
11,95341,0.0
11,96501,0.09326
11,98821,0.0183
11,99419,0.0
12,101213,0.00901
12,105903,0.0
12,132274,0.6797
12,132853,0.2355
12,132854,0.01167
12,136900,0.4402
12,136901,0.8125
12,137447,0.872
12,138033,0.6973
12,138046,0.872
12,138047,0.8267
12,138048,0.5215
12,138049,0.795
12,138053,0.4065
12,138624,0.536
12,138625,0.568
12,138626,0.7354
12,138631,0.106
12,138633,0.3525
12,139185,0.7197
12,139195,0.8613
12,139196,0.7983
12,139197,0.4153
12,139761,0.866
12,139762,0.87
12,139763,0.801
12,139775,0.4678
12,139778,0.5063
12,140343,0.6846
12,140913,0.853
12,152308,0.85
12,60982,0.7573
12,60983,0.4856
12,60984,0.629
12,61547,0.7417
12,62116,0.4448
12,62117,0.8643
12,62118,0.8716
12,62665,0.7607
12,62666,0.7886
12,62667,0.4604
12,62668,0.5176
12,63217,0.774
12,63220,0.2025
12,63780,0.03546
12,64356,0.4797
12,64357,0.2041
12,66740,0.872
12,67334,0.4136
12,68456,0.1642
12,68495,0.5947
12,68496,0.362
12,70867,0.1277
12,71466,0.09924
12,71474,0.3867
12,75099,0.10156
12,75713,0.0808
12,76298,0.1926
12,76904,0.2507
12,76905,0.1252
12,77526,0.1687
12,78162,0.00273
12,78797,0.08734
12,79432,0.02942
12,80070,0.1256
12,80654,0.63
12,80699,0.0933
12,80700,0.04645
12,81335,0.06885
12,81336,0.00966
12,81967,0.2252
12,81968,0.2216
12,81969,0.01263
12,81970,0.08
12,82571,0.06494
12,82575,0.00432
12,83752,0.0
12,84343,0.0
12,86793,0.0
12,93008,0.11444
12,93009,0.0608
12,93010,0.02423
12,93035,0.0
12,93592,0.539
12,93595,0.1123
12,93596,0.0376
12,93597,0.00054
12,94165,0.4578
12,94167,0.08636
12,94168,0.02417
12,94169,0.0
12,94755,0.052
12,94756,0.01904
12,94757,0.0
12,95339,0.02852
12,95340,0.00496
12,95341,0.0
12,96501,0.06305
12,98821,0.0127
12,99419,0.0
13,101213,0.01345
13,105903,0.0
13,132274,0.692
13,132853,0.257
13,132854,0.0241
13,136900,0.5044
13,136901,0.8447
13,137447,0.872
13,138033,0.7354
13,138046,0.872
13,138047,0.8223
13,138048,0.513
13,138049,0.812
13,138053,0.42
13,138624,0.587
13,138625,0.6885
13,138626,0.794
13,138631,0.148
13,138633,0.2325
13,139185,0.7104
13,139195,0.8633
13,139196,0.795
13,139197,0.4246
13,139761,0.8657
13,139762,0.87
13,139763,0.768
13,139775,0.3948
13,139778,0.4963
13,140343,0.6675
13,140913,0.826
13,152308,0.8247
13,60982,0.7915
13,60983,0.532
13,60984,0.7007
13,61547,0.764
13,62116,0.3892
13,62117,0.832
13,62118,0.8716
13,62665,0.6177
13,62666,0.752
13,62667,0.3938
13,62668,0.3706
13,63217,0.695
13,63220,0.1775
13,63780,0.02588
13,64356,0.5205
13,64357,0.1913
13,66740,0.872
13,67334,0.4077
13,68456,0.2239
13,68495,0.7188
13,68496,0.357
13,70867,0.1671
13,71466,0.1149
13,71474,0.4248
13,75099,0.1309
13,75713,0.1152
13,76298,0.2073
13,76904,0.2103
13,76905,0.1404
13,77526,0.1653
13,78162,0.00134
13,78797,0.07935
13,79432,0.04092
13,80070,0.1458
13,80654,0.705
13,80699,0.0835
13,80700,0.0353
13,81335,0.0725
13,81336,0.01366
13,81967,0.1914
13,81968,0.1853
13,81969,0.00266
13,81970,0.05338
13,82571,0.0276
13,82575,0.00548
13,83752,0.0
13,84343,0.0
13,86793,0.0
13,93008,0.063
13,93009,0.03235
13,93010,0.0034
13,93035,0.02592
13,93592,0.446
13,93595,0.06305
13,93596,0.01402
13,93597,0.0
13,94165,0.376
13,94167,0.04422
13,94168,0.00417
13,94169,0.0
13,94755,0.02824
13,94756,0.00139
13,94757,0.0
13,95339,0.01602
13,95340,0.0
13,95341,0.0
13,96501,0.02039
13,98821,0.00954
13,99419,0.0
14,101213,0.01203
14,105903,0.0
14,132274,0.693
14,132853,0.2632
14,132854,0.03262
14,136900,0.578
14,136901,0.8574
14,137447,0.781
14,138033,0.7397
14,138046,0.872
14,138047,0.8203
14,138048,0.5044
14,138049,0.796
14,138053,0.3872
14,138624,0.6123
14,138625,0.744
14,138626,0.796
14,138631,0.164
14,138633,0.185
14,139185,0.5264
14,139195,0.8643
14,139196,0.7896
14,139197,0.4211
14,139761,0.87
14,139762,0.8706
14,139763,0.7754
14,139775,0.3203
14,139778,0.4702
14,140343,0.6304
14,140913,0.779
14,152308,0.816
14,60982,0.737
14,60983,0.3887
14,60984,0.5522
14,61547,0.749
14,62116,0.296
14,62117,0.8086
14,62118,0.8716
14,62665,0.6646
14,62666,0.784
14,62667,0.423
14,62668,0.2493
14,63217,0.7705
14,63220,0.1858
14,63780,0.03494
14,64356,0.419
14,64357,0.3252
14,66740,0.872
14,67334,0.4382
14,68456,0.3499
14,68495,0.7676
14,68496,0.3696
14,70867,0.1848
14,71466,0.1289
14,71474,0.4585
14,75099,0.2291
14,75713,0.1982
14,76298,0.1174
14,76904,0.1439
14,76905,0.1235
14,77526,0.1361
14,78162,0.00171
14,78797,0.081
14,79432,0.0362
14,80070,0.1484
14,80654,0.8403
14,80699,0.09985
14,80700,0.03714
14,81335,0.0504
14,81336,0.01161
14,81967,0.1058
14,81968,0.1154
14,81969,0.0
14,81970,0.0409
14,82571,0.01927
14,82575,0.00681
14,83752,0.0
14,84343,0.0
14,86793,0.0
14,93008,0.04214
14,93009,0.01164
14,93010,0.0
14,93035,0.00772
14,93592,0.425
14,93595,0.04657
14,93596,0.00455
14,93597,0.0
14,94165,0.3528
14,94167,0.03647
14,94168,0.00302
14,94169,0.0
14,94755,0.02475
14,94756,0.0007
14,94757,0.0
14,95339,0.0149
14,95340,0.0
14,95341,0.0
14,96501,0.02701
14,98821,0.0095
14,99419,0.0
15,101213,0.01165
15,105903,0.0
15,132274,0.702
15,132853,0.2737
15,132854,0.0251
15,136900,0.541
15,136901,0.8423
15,137447,0.387
15,138033,0.645
15,138046,0.872
15,138047,0.8076
15,138048,0.4724
15,138049,0.681
15,138053,0.4688
15,138624,0.5596
15,138625,0.6274
15,138626,0.7256
15,138631,0.118
15,138633,0.3816
15,139185,0.3958
15,139195,0.8306
15,139196,0.739
15,139197,0.336
15,139761,0.8555
15,139762,0.869
15,139763,0.7764
15,139775,0.3748
15,139778,0.4553
15,140343,0.6597
15,140913,0.848
15,152308,0.844
15,60982,0.849
15,60983,0.6396
15,60984,0.778
15,61547,0.81
15,62116,0.2856
15,62117,0.81
15,62118,0.872
15,62665,0.8267
15,62666,0.872
15,62667,0.761
15,62668,0.264
15,63217,0.8633
15,63220,0.223
15,63780,0.4575
15,64356,0.8433
15,64357,0.748
15,66740,0.872
15,67334,0.468
15,68456,0.4143
15,68495,0.759
15,68496,0.427
15,70867,0.239
15,71466,0.1396
15,71474,0.5186
15,75099,0.3728
15,75713,0.247
15,76298,0.10864
15,76904,0.17
15,76905,0.1649
15,77526,0.2383
15,78162,0.022
15,78797,0.11945
15,79432,0.00444
15,80070,0.0683
15,80654,0.872
15,80699,0.0617
15,80700,0.02849
15,81335,0.00473
15,81336,0.00551
15,81967,0.0986
15,81968,0.11316
15,81969,0.00301
15,81970,0.07056
15,82571,0.06665
15,82575,0.00635
15,83752,0.0
15,84343,0.0
15,86793,0.0
15,93008,0.0452
15,93009,0.02069
15,93010,0.0
15,93035,0.00643
15,93592,0.385
15,93595,0.0461
15,93596,0.00764
15,93597,0.0
15,94165,0.3003
15,94167,0.03787
15,94168,0.006
15,94169,0.0
15,94755,0.03287
15,94756,0.0053
15,94757,0.0
15,95339,0.02457
15,95340,0.0014
15,95341,0.0
15,96501,0.04382
15,98821,0.01222
15,99419,0.0
16,101213,0.00978
16,105903,0.0
16,132274,0.733
16,132853,0.3071
16,132854,0.026
16,136900,0.611
16,136901,0.802
16,137447,0.299
16,138033,0.629
16,138046,0.872
16,138047,0.8374
16,138048,0.5527
16,138049,0.725
16,138053,0.5713
16,138624,0.5938
16,138625,0.525
16,138626,0.645
16,138631,0.097
16,138633,0.6157
16,139185,0.3071
16,139195,0.8037
16,139196,0.8325
16,139197,0.51
16,139761,0.713
16,139762,0.8706
16,139763,0.8623
16,139775,0.4287
16,139778,0.764
16,140343,0.8394
16,140913,0.872
16,152308,0.742
16,60982,0.872
16,60983,0.7354
16,60984,0.8667
16,61547,0.872
16,62116,0.3093
16,62117,0.852
16,62118,0.872
16,62665,0.86
16,62666,0.872
16,62667,0.8066
16,62668,0.275
16,63217,0.872
16,63220,0.426
16,63780,0.573
16,64356,0.871
16,64357,0.835
16,66740,0.872
16,67334,0.4795
16,68456,0.4502
16,68495,0.757
16,68496,0.4531
16,70867,0.291
16,71466,0.1626
16,71474,0.615
16,75099,0.28
16,75713,0.1876
16,76298,0.492
16,76904,0.5312
16,76905,0.343
16,77526,0.4287
16,78162,0.101
16,78797,0.1697
16,79432,0.00931
16,80070,0.1388
16,80654,0.872
16,80699,0.10266
16,80700,0.0515
16,81335,0.02646
16,81336,0.01105
16,81967,0.1489
16,81968,0.2284
16,81969,0.08
16,81970,0.12256
16,82571,0.0759
16,82575,0.01075
16,83752,0.00039
16,84343,0.0
16,86793,0.0352
16,93008,0.0581
16,93009,0.0296
16,93010,0.00249
16,93035,0.00421
16,93592,0.538
16,93595,0.05518
16,93596,0.01287
16,93597,0.0
16,94165,0.3857
16,94167,0.04758
16,94168,0.01226
16,94169,0.0
16,94755,0.04205
16,94756,0.00843
16,94757,0.0
16,95339,0.03314
16,95340,0.00955
16,95341,0.0
16,96501,0.0687
16,98821,0.0189
16,99419,0.0
17,101213,0.02155
17,105903,0.0
17,132274,0.728
17,132853,0.3118
17,132854,0.07367
17,136900,0.798
17,136901,0.872
17,137447,0.346
17,138033,0.679
17,138046,0.872
17,138047,0.872
17,138048,0.7964
17,138049,0.872
17,138053,0.4963
17,138624,0.5674
17,138625,0.7505
17,138626,0.872
17,138631,0.139
17,138633,0.4492
17,139185,0.34
17,139195,0.872
17,139196,0.8457
17,139197,0.574
17,139761,0.8164
17,139762,0.8516
17,139763,0.8564
17,139775,0.5234
17,139778,0.8677
17,140343,0.8677
17,140913,0.872
17,152308,0.669
17,60982,0.872
17,60983,0.658
17,60984,0.8716
17,61547,0.872
17,62116,0.2993
17,62117,0.8564
17,62118,0.872
17,62665,0.868
17,62666,0.872
17,62667,0.8003
17,62668,0.3591
17,63217,0.872
17,63220,0.4822
17,63780,0.4802
17,64356,0.872
17,64357,0.8184
17,66740,0.872
17,67334,0.4688
17,68456,0.6216
17,68495,0.7803
17,68496,0.4749
17,70867,0.3267
17,71466,0.1882
17,71474,0.672
17,75099,0.345
17,75713,0.2313
17,76298,0.5576
17,76904,0.516
17,76905,0.4038
17,77526,0.4805
17,78162,0.1333
17,78797,0.1709
17,79432,0.04443
17,80070,0.3
17,80654,0.872
17,80699,0.2686
17,80700,0.2118
17,81335,0.2183
17,81336,0.05917
17,81967,0.4033
17,81968,0.4607
17,81969,0.278
17,81970,0.2383
17,82571,0.1362
17,82575,0.01296
17,83752,0.02054
17,84343,0.01177
17,86793,0.073
17,93008,0.06714
17,93009,0.0386
17,93010,0.01407
17,93035,0.01464
17,93592,0.694
17,93595,0.0736
17,93596,0.02187
17,93597,0.0
17,94165,0.5522
17,94167,0.0522
17,94168,0.02002
17,94169,0.0
17,94755,0.0436
17,94756,0.02051
17,94757,0.0
17,95339,0.0367
17,95340,0.0161
17,95341,0.0
17,96501,0.07874
17,98821,0.00792
17,99419,0.0
18,101213,0.01403
18,105903,0.0
18,132274,0.719
18,132853,0.3079
18,132854,0.08295
18,136900,0.8135
18,136901,0.872
18,137447,0.487
18,138033,0.706
18,138046,0.872
18,138047,0.872
18,138048,0.858
18,138049,0.872
18,138053,0.5186
18,138624,0.546
18,138625,0.8306
18,138626,0.872
18,138631,0.082
18,138633,0.6294
18,139185,0.3235
18,139195,0.872
18,139196,0.8384
18,139197,0.4563
18,139761,0.7334
18,139762,0.8296
18,139763,0.839
18,139775,0.532
18,139778,0.872
18,140343,0.872
18,140913,0.872
18,152308,0.7544
18,60982,0.8096
18,60983,0.629
18,60984,0.872
18,61547,0.872
18,62116,0.3455
18,62117,0.871
18,62118,0.872
18,62665,0.872
18,62666,0.872
18,62667,0.839
18,62668,0.4624
18,63217,0.872
18,63220,0.501
18,63780,0.4067
18,64356,0.872
18,64357,0.751
18,66740,0.872
18,67334,0.4963
18,68456,0.596
18,68495,0.788
18,68496,0.5327
18,70867,0.3997
18,71466,0.243
18,71474,0.7393
18,75099,0.51
18,75713,0.3462
18,76298,0.63
18,76904,0.6597
18,76905,0.3655
18,77526,0.4297
18,78162,0.108
18,78797,0.2098
18,79432,0.1808
18,80070,0.533
18,80654,0.872
18,80699,0.435
18,80700,0.364
18,81335,0.393
18,81336,0.1432
18,81967,0.566
18,81968,0.5923
18,81969,0.417
18,81970,0.443
18,82571,0.2401
18,82575,0.01488
18,83752,0.05295
18,84343,0.02856
18,86793,0.1022
18,93008,0.0659
18,93009,0.03458
18,93010,0.01692
18,93035,0.03043
18,93592,0.672
18,93595,0.06366
18,93596,0.03452
18,93597,0.01302
18,94165,0.5195
18,94167,0.07916
18,94168,0.04263
18,94169,0.01322
18,94755,0.0667
18,94756,0.0264
18,94757,0.0
18,95339,0.0511
18,95340,0.01906
18,95341,0.0
18,96501,0.0978
18,98821,0.01481
18,99419,0.0
19,101213,0.0298
19,105903,0.0
19,132274,0.7188
19,132853,0.2944
19,132854,0.04382
19,136900,0.8213
19,136901,0.872
19,137447,0.517
19,138033,0.678
19,138046,0.872
19,138047,0.872
19,138048,0.866
19,138049,0.872
19,138053,0.4612
19,138624,0.64
19,138625,0.8364
19,138626,0.872
19,138631,0.152
19,138633,0.526
19,139185,0.2922
19,139195,0.872
19,139196,0.846
19,139197,0.4016
19,139761,0.6147
19,139762,0.8228
19,139763,0.806
19,139775,0.5728
19,139778,0.872
19,140343,0.872
19,140913,0.872
19,152308,0.6035
19,60982,0.6763
19,60983,0.553
19,60984,0.872
19,61547,0.872
19,62116,0.377
19,62117,0.864
19,62118,0.872
19,62665,0.872
19,62666,0.872
19,62667,0.872
19,62668,0.606
19,63217,0.872
19,63220,0.5693
19,63780,0.4797
19,64356,0.872
19,64357,0.716
19,66740,0.872
19,67334,0.5107
19,68456,0.641
19,68495,0.799
19,68496,0.5576
19,70867,0.487
19,71466,0.2532
19,71474,0.778
19,75099,0.558
19,75713,0.3916
19,76298,0.6943
19,76904,0.801
19,76905,0.3955
19,77526,0.4573
19,78162,0.289
19,78797,0.2346
19,79432,0.374
19,80070,0.7334
19,80654,0.872
19,80699,0.6177
19,80700,0.485
19,81335,0.626
19,81336,0.4211
19,81967,0.663
19,81968,0.6035
19,81969,0.646
19,81970,0.6025
19,82571,0.308
19,82575,0.01368
19,83752,0.1287
19,84343,0.0783
19,86793,0.2974
19,93008,0.03772
19,93009,0.01379
19,93010,0.0
19,93035,0.05063
19,93592,0.623
19,93595,0.04492
19,93596,0.01038
19,93597,0.0
19,94165,0.498
19,94167,0.0528
19,94168,0.01555
19,94169,0.0
19,94755,0.0461
19,94756,0.00659
19,94757,0.0
19,95339,0.0322
19,95340,0.00284
19,95341,0.0
19,96501,0.0856
19,98821,0.02586
19,99419,0.00185
20,101213,0.08484
20,105903,0.0
20,132274,0.7036
20,132853,0.2744
20,132854,0.01903
20,136900,0.8096
20,136901,0.872
20,137447,0.561
20,138033,0.672
20,138046,0.872
20,138047,0.872
20,138048,0.8706
20,138049,0.872
20,138053,0.433
20,138624,0.5967
20,138625,0.8276
20,138626,0.872
20,138631,0.464
20,138633,0.4995
20,139185,0.2708
20,139195,0.872
20,139196,0.8716
20,139197,0.6016
20,139761,0.808
20,139762,0.831
20,139763,0.872
20,139775,0.621
20,139778,0.872
20,140343,0.872
20,140913,0.872
20,152308,0.616
20,60982,0.69
20,60983,0.3892
20,60984,0.855
20,61547,0.872
20,62116,0.7886
20,62117,0.834
20,62118,0.872
20,62665,0.872
20,62666,0.872
20,62667,0.872
20,62668,0.607
20,63217,0.872
20,63220,0.6865
20,63780,0.6255
20,64356,0.872
20,64357,0.7295
20,66740,0.872
20,67334,0.5063
20,68456,0.523
20,68495,0.8076
20,68496,0.58
20,70867,0.544
20,71466,0.2262
20,71474,0.7593
20,75099,0.684
20,75713,0.5376
20,76298,0.8467
20,76904,0.852
20,76905,0.627
20,77526,0.8027
20,78162,0.613
20,78797,0.3005
20,79432,0.7666
20,80070,0.872
20,80654,0.872
20,80699,0.847
20,80700,0.564
20,81335,0.8535
20,81336,0.829
20,81967,0.729
20,81968,0.6704
20,81969,0.872
20,81970,0.767
20,82571,0.327
20,82575,0.027
20,83752,0.2042
20,84343,0.19
20,86793,0.648
20,93008,0.01912
20,93009,0.00072
20,93010,0.0
20,93035,0.06052
20,93592,0.51
20,93595,0.02698
20,93596,0.00121
20,93597,0.0
20,94165,0.393
20,94167,0.03537
20,94168,0.00504
20,94169,0.0
20,94755,0.03078
20,94756,0.00182
20,94757,0.0
20,95339,0.01633
20,95340,0.0
20,95341,0.0
20,96501,0.1266
20,98821,0.05942
20,99419,0.00845
21,101213,0.1571
21,105903,0.0
21,132274,0.705
21,132853,0.2788
21,132854,0.01779
21,136900,0.8057
21,136901,0.872
21,137447,0.581
21,138033,0.635
21,138046,0.872
21,138047,0.872
21,138048,0.858
21,138049,0.872
21,138053,0.4321
21,138624,0.623
21,138625,0.8286
21,138626,0.872
21,138631,0.546
21,138633,0.461
21,139185,0.2428
21,139195,0.872
21,139196,0.8716
21,139197,0.6284
21,139761,0.8447
21,139762,0.8423
21,139763,0.8354
21,139775,0.636
21,139778,0.872
21,140343,0.872
21,140913,0.872
21,152308,0.625
21,60982,0.7656
21,60983,0.5156
21,60984,0.6377
21,61547,0.872
21,62116,0.8457
21,62117,0.8394
21,62118,0.872
21,62665,0.872
21,62666,0.872
21,62667,0.866
21,62668,0.6016
21,63217,0.872
21,63220,0.6875
21,63780,0.6553
21,64356,0.872
21,64357,0.814
21,66740,0.872
21,67334,0.4875
21,68456,0.3162
21,68495,0.8003
21,68496,0.6045
21,70867,0.67
21,71466,0.3005
21,71474,0.758
21,75099,0.848
21,75713,0.716
21,76298,0.872
21,76904,0.8677
21,76905,0.795
21,77526,0.872
21,78162,0.6167
21,78797,0.8184
21,79432,0.868
21,80070,0.872
21,80654,0.872
21,80699,0.8716
21,80700,0.6187
21,81335,0.87
21,81336,0.872
21,81967,0.872
21,81968,0.872
21,81969,0.872
21,81970,0.863
21,82571,0.608
21,82575,0.07214
21,83752,0.4255
21,84343,0.3079
21,86793,0.715
21,93008,0.02611
21,93009,0.00211
21,93010,0.0
21,93035,0.0778
21,93592,0.425
21,93595,0.02937
21,93596,0.00198
21,93597,0.0
21,94165,0.3328
21,94167,0.03244
21,94168,0.00606
21,94169,0.0
21,94755,0.03226
21,94756,0.00353
21,94757,0.0
21,95339,0.01834
21,95340,0.00033
21,95341,0.0
21,96501,0.094
21,98821,0.05975
21,99419,0.00642
22,101213,0.2069
22,105903,0.0
22,132274,0.7026
22,132853,0.2834
22,132854,0.01591
22,136900,0.8096
22,136901,0.872
22,137447,0.546
22,138033,0.564
22,138046,0.872
22,138047,0.872
22,138048,0.859
22,138049,0.872
22,138053,0.4302
22,138624,0.571
22,138625,0.819
22,138626,0.872
22,138631,0.495
22,138633,0.437
22,139185,0.1759
22,139195,0.872
22,139196,0.8467
22,139197,0.4448
22,139761,0.8105
22,139762,0.834
22,139763,0.7905
22,139775,0.6255
22,139778,0.872
22,140343,0.872
22,140913,0.872
22,152308,0.6387
22,60982,0.798
22,60983,0.601
22,60984,0.712
22,61547,0.872
22,62116,0.8647
22,62117,0.872
22,62118,0.872
22,62665,0.872
22,62666,0.872
22,62667,0.8716
22,62668,0.4287
22,63217,0.872
22,63220,0.809
22,63780,0.6807
22,64356,0.872
22,64357,0.753
22,66740,0.872
22,67334,0.4788
22,68456,0.541
22,68495,0.7783
22,68496,0.572
22,70867,0.733
22,71466,0.519
22,71474,0.742
22,75099,0.867
22,75713,0.7544
22,76298,0.872
22,76904,0.872
22,76905,0.838
22,77526,0.872
22,78162,0.855
22,78797,0.843
22,79432,0.872
22,80070,0.872
22,80654,0.872
22,80699,0.871
22,80700,0.67
22,81335,0.867
22,81336,0.872
22,81967,0.872
22,81968,0.872
22,81969,0.872
22,81970,0.872
22,82571,0.776
22,82575,0.121
22,83752,0.5386
22,84343,0.5273
22,86793,0.7676
22,93008,0.03363
22,93009,0.00727
22,93010,0.0
22,93035,0.1392
22,93592,0.347
22,93595,0.03165
22,93596,0.00292
22,93597,0.0
22,94165,0.2905
22,94167,0.02794
22,94168,0.00683
22,94169,0.0
22,94755,0.03195
22,94756,0.00603
22,94757,0.0
22,95339,0.02026
22,95340,0.00148
22,95341,0.0
22,96501,0.09143
22,98821,0.03008
22,99419,0.00286
23,101213,0.2096
23,105903,0.0
23,132274,0.702
23,132853,0.2832
23,132854,0.01415
23,136900,0.788
23,136901,0.872
23,137447,0.504
23,138033,0.593
23,138046,0.872
23,138047,0.872
23,138048,0.837
23,138049,0.872
23,138053,0.4011
23,138624,0.5273
23,138625,0.763
23,138626,0.872
23,138631,0.508
23,138633,0.403
23,139185,0.1825
23,139195,0.872
23,139196,0.803
23,139197,0.3357
23,139761,0.826
23,139762,0.833
23,139763,0.7896
23,139775,0.604
23,139778,0.872
23,140343,0.872
23,140913,0.872
23,152308,0.6465
23,60982,0.872
23,60983,0.6655
23,60984,0.8022
23,61547,0.872
23,62116,0.8643
23,62117,0.872
23,62118,0.872
23,62665,0.872
23,62666,0.872
23,62667,0.872
23,62668,0.5596
23,63217,0.872
23,63220,0.8706
23,63780,0.7114
23,64356,0.872
23,64357,0.704
23,66740,0.872
23,67334,0.4893
23,68456,0.7227
23,68495,0.7656
23,68496,0.555
23,70867,0.7856
23,71466,0.6904
23,71474,0.699
23,75099,0.8667
23,75713,0.767
23,76298,0.872
23,76904,0.872
23,76905,0.872
23,77526,0.872
23,78162,0.872
23,78797,0.8384
23,79432,0.872
23,80070,0.872
23,80654,0.872
23,80699,0.8647
23,80700,0.668
23,81335,0.843
23,81336,0.872
23,81967,0.872
23,81968,0.872
23,81969,0.872
23,81970,0.872
23,82571,0.872
23,82575,0.1189
23,83752,0.569
23,84343,0.566
23,86793,0.8525
23,93008,0.02605
23,93009,0.0027
23,93010,0.0
23,93035,0.1991
23,93592,0.292
23,93595,0.02776
23,93596,0.00221
23,93597,0.0
23,94165,0.2471
23,94167,0.01833
23,94168,0.00131
23,94169,0.0
23,94755,0.01474
23,94756,0.00017
23,94757,0.0
23,95339,0.00445
23,95340,0.0
23,95341,0.0
23,96501,0.0759
23,98821,0.02533
23,99419,0.0
24,101213,0.2688
24,105903,0.00191
24,132274,0.7007
24,132853,0.2642
24,132854,0.00967
24,136900,0.7695
24,136901,0.872
24,137447,0.429
24,138033,0.6035
24,138046,0.872
24,138047,0.872
24,138048,0.7964
24,138049,0.872
24,138053,0.4473
24,138624,0.4897
24,138625,0.7295
24,138626,0.872
24,138631,0.466
24,138633,0.4495
24,139185,0.164
24,139195,0.872
24,139196,0.791
24,139197,0.3694
24,139761,0.8496
24,139762,0.8545
24,139763,0.8354
24,139775,0.6006
24,139778,0.872
24,140343,0.872
24,140913,0.872
24,152308,0.6294
24,60982,0.872
24,60983,0.872
24,60984,0.872
24,61547,0.872
24,62116,0.8438
24,62117,0.872
24,62118,0.872
24,62665,0.872
24,62666,0.872
24,62667,0.872
24,62668,0.7256
24,63217,0.872
24,63220,0.871
24,63780,0.6865
24,64356,0.872
24,64357,0.708
24,66740,0.872
24,67334,0.5137
24,68456,0.763
24,68495,0.7734
24,68496,0.571
24,70867,0.848
24,71466,0.69
24,71474,0.6274
24,75099,0.872
24,75713,0.858
24,76298,0.872
24,76904,0.872
24,76905,0.872
24,77526,0.872
24,78162,0.872
24,78797,0.8516
24,79432,0.872
24,80070,0.872
24,80654,0.872
24,80699,0.8716
24,80700,0.6514
24,81335,0.8613
24,81336,0.872
24,81967,0.872
24,81968,0.872
24,81969,0.872
24,81970,0.872
24,82571,0.869
24,82575,0.314
24,83752,0.5654
24,84343,0.4802
24,86793,0.8257
24,93008,0.01135
24,93009,0.0
24,93010,0.0
24,93035,0.3423
24,93592,0.184
24,93595,0.01202
24,93596,0.0
24,93597,0.0
24,94165,0.1613
24,94167,0.00039
24,94168,0.0
24,94169,0.0
24,94755,0.0
24,94756,0.0
24,94757,0.0
24,95339,0.0
24,95340,0.0
24,95341,0.0
24,96501,0.0801
24,98821,0.0052
24,99419,0.0
